{
	"version": 1,
	"changelists": [
		{
			"guid": "00000000000000000000000000000000",
			"description": "Default Uncontrolled Changelist",
			"files": [
				"E:/cs415_unreal_proj/InfiniteMatrixStarter(mp1) 5.2/Content/InfiniteMatrix/Blueprints/BP_Player.uasset",
				"E:/cs415_unreal_proj/InfiniteMatrixStarter(mp1) 5.2/Content/InfiniteMatrix/Blueprints/BP_Tunnel.uasset",
				"E:/cs415_unreal_proj/InfiniteMatrixStarter(mp1) 5.2/Content/InfiniteMatrix/Meshes/SM_Hole_01.uasset",
				"E:/cs415_unreal_proj/InfiniteMatrixStarter(mp1) 5.2/Content/InfiniteMatrix/Meshes/SM_Hole_02.uasset",
				"E:/cs415_unreal_proj/InfiniteMatrixStarter(mp1) 5.2/Content/InfiniteMatrix/Meshes/SM_Hole_03.uasset",
				"E:/cs415_unreal_proj/InfiniteMatrixStarter(mp1) 5.2/Content/InfiniteMatrix/Meshes/SM_Hole_04.uasset",
				"E:/cs415_unreal_proj/InfiniteMatrixStarter(mp1) 5.2/Content/InfiniteMatrix/Maps/TutorialMap.umap",
				"E:/cs415_unreal_proj/InfiniteMatrixStarter(mp1) 5.2/Content/InfiniteMatrix/UI/Game_Hub.uasset",
				"D:/EPIC_game/UE_5.2/Engine/Content/BasicShapes/BasicShapeMaterial.uasset",
				"E:/cs415_unreal_proj/InfiniteMatrixStarter(mp1) 5.2/Content/InfiniteMatrix/Materials/HealthPack_Color.uasset",
				"E:/cs415_unreal_proj/InfiniteMatrixStarter(mp1) 5.2/Content/InfiniteMatrix/Blueprints/BP_HealthPack.uasset",
				"E:/cs415_unreal_proj/InfiniteMatrixStarter(mp1) 5.2/Content/InfiniteMatrix/Blueprints/BP_TunnelSpawner.uasset",
				"E:/cs415_unreal_proj/InfiniteMatrixStarter(mp1) 5.2/Content/InfiniteMatrix/Materials/HealthPack_White.uasset",
				"E:/cs415_unreal_proj/InfiniteMatrixStarter(mp1) 5.2/Content/InfiniteMatrix/Meshes/SM_Tunnel.uasset",
				"E:/cs415_unreal_proj/InfiniteMatrixStarter(mp1) 5.2/Content/InfiniteMatrix/Blueprints/BP_Projectile.uasset",
				"E:/cs415_unreal_proj/InfiniteMatrixStarter(mp1) 5.2/Content/InfiniteMatrix/Materials/Projectile_Color.uasset",
				"E:/cs415_unreal_proj/InfiniteMatrixStarter(mp1) 5.2/Content/InfiniteMatrix/UI/crosshair.uasset",
				"E:/cs415_unreal_proj/InfiniteMatrixStarter(mp1) 5.2/Content/InfiniteMatrix/Blueprints/BP_Enemy.uasset",
				"E:/cs415_unreal_proj/InfiniteMatrixStarter(mp1) 5.2/Content/InfiniteMatrix/UI/WBP_Restart.uasset",
				"E:/cs415_unreal_proj/InfiniteMatrixStarter(mp1) 5.2/Content/InfiniteMatrix/UI/HealthColor.uasset",
				"E:/cs415_unreal_proj/InfiniteMatrixStarter(mp1) 5.2/Content/InfiniteMatrix/Textures/RedBlur.uasset",
				"E:/cs415_unreal_proj/InfiniteMatrixStarter(mp1) 5.2/Content/InfiniteMatrix/UI/LowLifeScreen.uasset",
				"E:/cs415_unreal_proj/InfiniteMatrixStarter(mp1) 5.2/Content/InfiniteMatrix/UI/SimpleMenu.uasset",
				"E:/cs415_unreal_proj/InfiniteMatrixStarter(mp1) 5.2/Content/InfiniteMatrix/NewMap.umap",
				"E:/cs415_unreal_proj/InfiniteMatrixStarter(mp1) 5.2/Content/InfiniteMatrix/Blueprints/BP_Camera_Shake.uasset",
				"E:/cs415_unreal_proj/InfiniteMatrixStarter(mp1) 5.2/Content/InfiniteMatrix/Maps/GameMenu.umap",
				"E:/cs415_unreal_proj/InfiniteMatrixStarter(mp1) 5.2/Content/InfiniteMatrix/Textures/pngkey_com-blurry-transparent-png-3687354.uasset",
				"E:/cs415_unreal_proj/InfiniteMatrixStarter(mp1) 5.2/Content/InfiniteMatrix/Animation/HealthPackObtained.uasset",
				"E:/cs415_unreal_proj/InfiniteMatrixStarter(mp1) 5.2/Content/InfiniteMatrix/Blueprints/HealthPack.uasset",
				"E:/cs415_unreal_proj/InfiniteMatrixStarter(mp1) 5.2/Content/InfiniteMatrix/UI/HealthBar.uasset",
				"E:/cs415_unreal_proj/InfiniteMatrixStarter(mp1) 5.2/Content/InfiniteMatrix/UI/Scoredisplay.uasset",
				"E:/cs415_unreal_proj/InfiniteMatrixStarter(mp1) 5.2/Content/InfiniteMatrix/UI/Health_Point.uasset",
				"E:/cs415_unreal_proj/InfiniteMatrixStarter 5.2/Content/InfiniteMatrix/Blueprints/BP_TunnelSpawner.uasset",
				"E:/cs415_unreal_proj/InfiniteMatrixStarter 5.2/Content/InfiniteMatrix/Blueprints/BP_Tunnel.uasset",
				"E:/cs415_unreal_proj/InfiniteMatrixStarter 5.2/Content/InfiniteMatrix/Blueprints/BP_Player.uasset",
				"E:/cs415_unreal_proj/InfiniteMatrixStarter 5.2/Content/InfiniteMatrix/Maps/TutorialMap.umap",
				"E:/cs415_unreal_proj/InfiniteMatrixStarter 5.2/Content/InfiniteMatrix/Blueprints/T_Restart1.uasset",
				"E:/cs415_unreal_proj/InfiniteMatrixStarter 5.2/Content/InfiniteMatrix/Blueprints/T_Restart.uasset",
				"E:/cs415_unreal_proj/InfiniteMatrixStarter 5.2/Content/InfiniteMatrix/Blueprints/WBP_Restart.uasset",
				"E:/cs415_unreal_proj/InfiniteMatrixStarter 5.2/Content/InfiniteMatrix/UI/WBP_Restart.uasset",
				"E:/cs415_unreal_proj/InfiniteMatrixStarter 5.2/Content/InfiniteMatrix/UI/HealthUI.uasset",
				"E:/cs415_unreal_proj/InfiniteMatrixStarter 5.2/Content/InfiniteMatrix/UI/Health_Count.uasset",
				"E:/cs415_unreal_proj/InfiniteMatrixStarter 5.2/Content/InfiniteMatrix/UI/Health_Point.uasset"
			]
		}
	]
}